AgentID,AgentName,Team Leader
1,Aisha Khan,Aarav Sharma
2,Arjun Patel,Sophia Davis
3,Benjamin Taylor,Layla Ahmed
4,Fatima Ali,Ethan Parker
5,Samuel Carter,Mia Rodriguez
6,Elijah Robinson,Noah Thompson
7,Ava Joshi,Aarav Sharma
8,Krish Reddy,Sophia Davis
9,Grace Anderson,Layla Ahmed
10,Isabella Mitchell,Ethan Parker
11,Ryan Cooper,Mia Rodriguez
12,Maya Singh,Noah Thompson
13,Owen Wright,Aarav Sharma
14,Daniel Morris,Sophia Davis
15,Chloe Martinez,Layla Ahmed
16,Zara Ahmed,Ethan Parker
17,Leo Watson,Mia Rodriguez
18,Emma Johnson,Noah Thompson
19,Liam Gray,Aarav Sharma
20,Sophia Wilson,Sophia Davis
